{
  "metadata": {
    "model": "m_1",
    "M": 300,
    "N": 300,
    "n_param_samples": 200,
    "sim_model": "/Users/jeffhelzner/seu-sensitivity/models/m_1_sim.stan",
    "timestamp": "2026-02-28T15:31:53.153718"
  },
  "results": [
    {
      "model": "m_1",
      "alpha_mean": 0.0,
      "alpha_sd": 1.0,
      "prior_label": "lognormal(0.0, 1.0)",
      "alpha_median": 1.1023982,
      "alpha_q05": 0.15734150450000003,
      "alpha_q95": 5.576956184999999,
      "seu_rate_uncertain_mean": 0.4127166666666666,
      "seu_rate_uncertain_sd": 0.06824553505948616,
      "seu_rate_uncertain_q05": 0.3333333333333333,
      "seu_rate_uncertain_q95": 0.5535,
      "seu_rate_risky_mean": 0.44763333333333327,
      "seu_rate_risky_sd": 0.0958323710096611,
      "seu_rate_risky_q05": 0.34650000000000003,
      "seu_rate_risky_q95": 0.6501666666666667,
      "seu_rate_combined_mean": 0.430175,
      "seu_rate_combined_sd": 0.07892513990062566,
      "n_ok": 200,
      "n_failed": 0,
      "fail_rate": 0.0
    },
    {
      "model": "m_1",
      "alpha_mean": 0.0,
      "alpha_sd": 1.5,
      "prior_label": "lognormal(0.0, 1.5)",
      "alpha_median": 1.157482,
      "alpha_q05": 0.06243822990000002,
      "alpha_q95": 13.17030915,
      "seu_rate_uncertain_mean": 0.4404166666666666,
      "seu_rate_uncertain_sd": 0.11905318022725064,
      "seu_rate_uncertain_q05": 0.33,
      "seu_rate_uncertain_q95": 0.7141666666666664,
      "seu_rate_risky_mean": 0.4829333333333334,
      "seu_rate_risky_sd": 0.15243744072022902,
      "seu_rate_risky_q05": 0.3398333333333334,
      "seu_rate_risky_q95": 0.83,
      "seu_rate_combined_mean": 0.46167499999999995,
      "seu_rate_combined_sd": 0.13347591308921622,
      "n_ok": 200,
      "n_failed": 0,
      "fail_rate": 0.0
    },
    {
      "model": "m_1",
      "alpha_mean": 0.0,
      "alpha_sd": 2.0,
      "prior_label": "lognormal(0.0, 2.0)",
      "alpha_median": 1.2153303,
      "alpha_q05": 0.02478390370000001,
      "alpha_q95": 31.102465149999993,
      "seu_rate_uncertain_mean": 0.4719,
      "seu_rate_uncertain_sd": 0.16654012195931112,
      "seu_rate_uncertain_q05": 0.32983333333333337,
      "seu_rate_uncertain_q95": 0.8536666666666666,
      "seu_rate_risky_mean": 0.5132833333333333,
      "seu_rate_risky_sd": 0.1923718844957455,
      "seu_rate_risky_q05": 0.3333333333333333,
      "seu_rate_risky_q95": 0.9269999999999998,
      "seu_rate_combined_mean": 0.4925916666666666,
      "seu_rate_combined_sd": 0.17753056837720463,
      "n_ok": 200,
      "n_failed": 0,
      "fail_rate": 0.0
    },
    {
      "model": "m_1",
      "alpha_mean": 2.0,
      "alpha_sd": 1.0,
      "prior_label": "lognormal(2.0, 1.0)",
      "alpha_median": 8.14568205,
      "alpha_q05": 1.1626052140000003,
      "alpha_q95": 41.2084419,
      "seu_rate_uncertain_mean": 0.6182166666666667,
      "seu_rate_uncertain_sd": 0.16265637860225463,
      "seu_rate_uncertain_q05": 0.3933333333333333,
      "seu_rate_uncertain_q95": 0.9068333333333333,
      "seu_rate_risky_mean": 0.7089333333333334,
      "seu_rate_risky_sd": 0.1679658563187438,
      "seu_rate_risky_q05": 0.42,
      "seu_rate_risky_q95": 0.95,
      "seu_rate_combined_mean": 0.663575,
      "seu_rate_combined_sd": 0.16249610230368264,
      "n_ok": 200,
      "n_failed": 0,
      "fail_rate": 0.0
    },
    {
      "model": "m_1",
      "alpha_mean": 2.5,
      "alpha_sd": 1.0,
      "prior_label": "lognormal(2.5, 1.0)",
      "alpha_median": 13.429959,
      "alpha_q05": 1.9168119400000003,
      "alpha_q95": 67.94123535,
      "seu_rate_uncertain_mean": 0.6923333333333332,
      "seu_rate_uncertain_sd": 0.16666199993466482,
      "seu_rate_uncertain_q05": 0.42,
      "seu_rate_uncertain_q95": 0.9466666666666667,
      "seu_rate_risky_mean": 0.7815333333333334,
      "seu_rate_risky_sd": 0.15876846874195982,
      "seu_rate_risky_q05": 0.4728333333333333,
      "seu_rate_risky_q95": 0.9766666666666667,
      "seu_rate_combined_mean": 0.7369333333333333,
      "seu_rate_combined_sd": 0.1599891003231852,
      "n_ok": 200,
      "n_failed": 0,
      "fail_rate": 0.0
    },
    {
      "model": "m_1",
      "alpha_mean": 3.0,
      "alpha_sd": 0.75,
      "prior_label": "lognormal(3.0, 0.75)",
      "alpha_median": 21.609050500000002,
      "alpha_q05": 5.017273365000001,
      "alpha_q95": 72.8922473,
      "seu_rate_uncertain_mean": 0.7738499999999999,
      "seu_rate_uncertain_sd": 0.12813972300231927,
      "seu_rate_uncertain_q05": 0.5486666666666667,
      "seu_rate_uncertain_q95": 0.9533333333333334,
      "seu_rate_risky_mean": 0.8586833333333334,
      "seu_rate_risky_sd": 0.10795312640215661,
      "seu_rate_risky_q05": 0.5963333333333334,
      "seu_rate_risky_q95": 0.98,
      "seu_rate_combined_mean": 0.8162666666666667,
      "seu_rate_combined_sd": 0.11531565856860514,
      "n_ok": 200,
      "n_failed": 0,
      "fail_rate": 0.0
    },
    {
      "model": "m_1",
      "alpha_mean": 3.0,
      "alpha_sd": 1.0,
      "prior_label": "lognormal(3.0, 1.0)",
      "alpha_median": 22.1422595,
      "alpha_q05": 3.1602885800000005,
      "alpha_q95": 112.01616,
      "seu_rate_uncertain_mean": 0.7662333333333333,
      "seu_rate_uncertain_sd": 0.15639775147573787,
      "seu_rate_uncertain_q05": 0.47,
      "seu_rate_uncertain_q95": 0.9666666666666667,
      "seu_rate_risky_mean": 0.8444166666666666,
      "seu_rate_risky_sd": 0.138527148362093,
      "seu_rate_risky_q05": 0.5221666666666667,
      "seu_rate_risky_q95": 0.99,
      "seu_rate_combined_mean": 0.805325,
      "seu_rate_combined_sd": 0.1450020782897036,
      "n_ok": 200,
      "n_failed": 0,
      "fail_rate": 0.0
    },
    {
      "model": "m_1",
      "alpha_mean": 3.5,
      "alpha_sd": 0.5,
      "prior_label": "lognormal(3.5, 0.5)",
      "alpha_median": 34.7694455,
      "alpha_q05": 13.133707450000001,
      "alpha_q95": 78.20405315,
      "seu_rate_uncertain_mean": 0.85505,
      "seu_rate_uncertain_sd": 0.07411251019002574,
      "seu_rate_uncertain_q05": 0.7161666666666667,
      "seu_rate_uncertain_q95": 0.9535,
      "seu_rate_risky_mean": 0.9198999999999999,
      "seu_rate_risky_sd": 0.052825614578114986,
      "seu_rate_risky_q05": 0.8228333333333334,
      "seu_rate_risky_q95": 0.9801666666666666,
      "seu_rate_combined_mean": 0.887475,
      "seu_rate_combined_sd": 0.06030040019675566,
      "n_ok": 200,
      "n_failed": 0,
      "fail_rate": 0.0
    },
    {
      "model": "m_1",
      "alpha_mean": 3.5,
      "alpha_sd": 0.75,
      "prior_label": "lognormal(3.5, 0.75)",
      "alpha_median": 35.627301,
      "alpha_q05": 8.272085245000001,
      "alpha_q95": 120.1790005,
      "seu_rate_uncertain_mean": 0.8436499999999999,
      "seu_rate_uncertain_sd": 0.1069598042360878,
      "seu_rate_uncertain_q05": 0.6361666666666668,
      "seu_rate_uncertain_q95": 0.97,
      "seu_rate_risky_mean": 0.9079333333333333,
      "seu_rate_risky_sd": 0.08224864740529171,
      "seu_rate_risky_q05": 0.7066666666666667,
      "seu_rate_risky_q95": 0.9901666666666666,
      "seu_rate_combined_mean": 0.8757916666666667,
      "seu_rate_combined_sd": 0.09223564891383133,
      "n_ok": 200,
      "n_failed": 0,
      "fail_rate": 0.0
    },
    {
      "model": "m_1",
      "alpha_mean": 3.5,
      "alpha_sd": 1.0,
      "prior_label": "lognormal(3.5, 1.0)",
      "alpha_median": 36.506414,
      "alpha_q05": 5.210435005000001,
      "alpha_q95": 184.683426,
      "seu_rate_uncertain_mean": 0.8308833333333334,
      "seu_rate_uncertain_sd": 0.13664450125132085,
      "seu_rate_uncertain_q05": 0.5393333333333333,
      "seu_rate_uncertain_q95": 0.9768333333333333,
      "seu_rate_risky_mean": 0.89375,
      "seu_rate_risky_sd": 0.11134777226729276,
      "seu_rate_risky_q05": 0.5863333333333334,
      "seu_rate_risky_q95": 0.9934999999999999,
      "seu_rate_combined_mean": 0.8623166666666668,
      "seu_rate_combined_sd": 0.12178427991055879,
      "n_ok": 200,
      "n_failed": 0,