{
  "metadata": {
    "stan_data": "applications/ellsberg_study/results/stan_data_T0_0.json",
    "n_param_samples": 200,
    "sim_model": "/Users/jeffhelzner/seu-sensitivity/models/m_0_sim.stan",
    "timestamp": "2026-03-12T19:53:43.512160"
  },
  "results": [
    {
      "alpha_mean": 0.0,
      "alpha_sd": 1.0,
      "prior_label": "lognormal(0.0, 1.0)",
      "alpha_median": 0.87590647,
      "alpha_q05": 0.20933638650000003,
      "alpha_q25": 0.48103597,
      "alpha_q75": 1.7700945,
      "alpha_q95": 5.802431274999986,
      "seu_rate_mean": 0.3890436241610738,
      "seu_rate_sd": 0.061348924548184004,
      "seu_rate_q05": 0.33204697986577186,
      "seu_rate_median": 0.37919463087248323,
      "seu_rate_q95": 0.46040268456375816,
      "n_ok": 200,
      "n_failed": 0,
      "fail_rate": 0.0
    },
    {
      "alpha_mean": 0.0,
      "alpha_sd": 1.5,
      "prior_label": "lognormal(0.0, 1.5)",
      "alpha_median": 0.819795995,
      "alpha_q05": 0.09578928185000002,
      "alpha_q25": 0.3336344925,
      "alpha_q75": 2.3554418,
      "alpha_q95": 13.982475249999945,
      "seu_rate_mean": 0.40674496644295305,
      "seu_rate_sd": 0.10082013024303442,
      "seu_rate_q05": 0.3288590604026846,
      "seu_rate_median": 0.3825503355704698,
      "seu_rate_q95": 0.6018456375838922,
      "n_ok": 200,
      "n_failed": 0,
      "fail_rate": 0.0
    },
    {
      "alpha_mean": 0.0,
      "alpha_sd": 2.0,
      "prior_label": "lognormal(0.0, 2.0)",
      "alpha_median": 0.767302565,
      "alpha_q05": 0.04383496955000001,
      "alpha_q25": 0.2314021475,
      "alpha_q75": 3.13473565,
      "alpha_q95": 33.70392109999982,
      "seu_rate_mean": 0.424748322147651,
      "seu_rate_sd": 0.1324872152403886,
      "seu_rate_q05": 0.3288590604026846,
      "seu_rate_median": 0.3825503355704698,
      "seu_rate_q95": 0.7770134228187914,
      "n_ok": 200,
      "n_failed": 0,
      "fail_rate": 0.0
    },
    {
      "alpha_mean": 2.0,
      "alpha_sd": 1.0,
      "prior_label": "lognormal(2.0, 1.0)",
      "alpha_median": 6.472122000000001,
      "alpha_q05": 1.54679833,
      "alpha_q25": 3.5544017500000002,
      "alpha_q75": 13.079327750000001,
      "alpha_q95": 42.87449089999989,
      "seu_rate_mean": 0.5319630872483221,
      "seu_rate_sd": 0.13821183330897405,
      "seu_rate_q05": 0.3723154362416108,
      "seu_rate_median": 0.49496644295302017,
      "seu_rate_q95": 0.799664429530201,
      "n_ok": 200,
      "n_failed": 0,
      "fail_rate": 0.0
    },
    {
      "alpha_mean": 2.5,
      "alpha_sd": 1.0,
      "prior_label": "lognormal(2.5, 1.0)",
      "alpha_median": 10.6707255,
      "alpha_q05": 2.5502392400000002,
      "alpha_q25": 5.860217824999999,
      "alpha_q75": 21.564165250000002,
      "alpha_q95": 70.68808449999982,
      "seu_rate_mean": 0.5988590604026846,
      "seu_rate_sd": 0.15458032474523534,
      "seu_rate_q05": 0.3924496644295302,
      "seu_rate_median": 0.5620805369127517,
      "seu_rate_q95": 0.8726510067114093,
      "n_ok": 200,
      "n_failed": 0,
      "fail_rate": 0.0
    },
    {
      "alpha_mean": 3.0,
      "alpha_sd": 0.75,
      "prior_label": "lognormal(3.0, 0.75)",
      "alpha_median": 18.185361999999998,
      "alpha_q05": 6.21590396,
      "alpha_q25": 11.601534749999999,
      "alpha_q75": 30.82204725,
      "alpha_q95": 75.08445034999986,
      "seu_rate_mean": 0.6774832214765101,
      "seu_rate_sd": 0.13756170634669967,
      "seu_rate_q05": 0.44966442953020136,
      "seu_rate_median": 0.6677852348993288,
      "seu_rate_q95": 0.8864093959731543,
      "n_ok": 200,
      "n_failed": 0,
      "fail_rate": 0.0
    },
    {
      "alpha_mean": 3.0,
      "alpha_sd": 1.0,
      "prior_label": "lognormal(3.0, 1.0)",
      "alpha_median": 17.5930515,
      "alpha_q05": 4.20463371,
      "alpha_q25": 9.661865774999999,
      "alpha_q75": 35.55329825,
      "alpha_q95": 116.5449479999997,
      "seu_rate_mean": 0.6744295302013422,
      "seu_rate_sd": 0.16105912964279745,
      "seu_rate_q05": 0.42567114093959735,
      "seu_rate_median": 0.6610738255033557,
      "seu_rate_q95": 0.9364093959731543,
      "n_ok": 200,
      "n_failed": 0,
      "fail_rate": 0.0
    },
    {
      "alpha_mean": 3.5,
      "alpha_sd": 0.5,
      "prior_label": "lognormal(3.5, 0.5)",
      "alpha_median": 30.992253499999997,
      "alpha_q05": 15.150816,
      "alpha_q25": 22.96772175,
      "alpha_q75": 44.055814,
      "alpha_q95": 79.7593606499999,
      "seu_rate_mean": 0.7695469798657717,
      "seu_rate_sd": 0.10089847793188343,
      "seu_rate_q05": 0.5805369127516778,
      "seu_rate_median": 0.7785234899328859,
      "seu_rate_q95": 0.909731543624161,
      "n_ok": 200,
      "n_failed": 0,
      "fail_rate": 0.0
    },
    {
      "alpha_mean": 3.5,
      "alpha_sd": 0.75,
      "prior_label": "lognormal(3.5, 0.75)",
      "alpha_median": 29.982593,
      "alpha_q05": 10.248293065,
      "alpha_q25": 19.12769775,
      "alpha_q75": 50.816964750000004,
      "alpha_q95": 123.79333249999976,
      "seu_rate_mean": 0.7589597315436241,
      "seu_rate_sd": 0.13083595687145028,
      "seu_rate_q05": 0.5197986577181208,
      "seu_rate_median": 0.7684563758389261,
      "seu_rate_q95": 0.9397651006711408,
      "n_ok": 200,
      "n_failed": 0,
      "fail_rate": 0.0
    },
    {
      "alpha_mean": 3.5,
      "alpha_sd": 1.0,
      "prior_label": "lognormal(3.5, 1.0)",
      "alpha_median": 29.006038500000003,
      "alpha_q05": 6.93226907,
      "alpha_q25": 15.9297235,
      "alpha_q75": 58.61748,
      "alpha_q95": 192.15013649999952,
      "seu_rate_mean": 0.7473825503355704,
      "seu_rate_sd": 0.15554086207999054,
      "seu_rate_q05": 0.47885906040268456,
      "seu_rate_median": 0.7634228187919463,
      "seu_rate_q95": 0.9567114093959731,
      "n_ok": 200,
      "n_failed": 0,
      "fail_rate": 0.0
    },
    {
      "alpha_mean": 4.0,
      "alpha_sd": 0.5,
      "prior_label": "lognormal(4.0, 0.5)",
      "alpha_median": 51.0975875,
      "alpha_q05": 24.9794727,
      "alpha_q25": 37.86737225,
      "alpha_q75": 72.635757,
      "alpha_q95": 131.50094999999985,
      "seu_rate_mean": 0.8456711409395973,
      "seu_rate_sd": 0.08232631112551975,
      "seu_rate_q05": 0.67751677852349,
      "seu_rate_median": 0.8557046979865772,
      "seu_rate_q95": 0.9498322147651006,
      "n_ok": 200,
      "n_failed": 0,
      "fail_rate": 0.0
    },
    {
      "alpha_mean": 4.0,
      "alpha_sd": 0.75,
      "prior_label": "lognormal(4.0, 0.75)",
      "alpha_median": 49.432939,
      "alpha_q05": 16.89657875,
      "alpha_q25": 31.53624225,
      "alpha_q75": 83.78301099999999,
      "alpha_q95": 204.10069849999962,
      "seu_rate_mean": 0.8324328859060403,
      "seu_rate_sd": 0.11132652245352193,
      "seu_rate_q05": 0.6068791946308725,
      "seu_rate_median": 0.8540268456375839,
      "seu_rate_q95": 0.9664429530201343,
      "n_ok": 200,
      "n_failed": 0,
      "fail_rate": 0.0
    }
  ]
}