{
  "metadata": {
    "stan_data": "/Users/jeffhelzner/seu-sensitivity/applications/temperature_study/results/stan_data_T0_7.json",
    "n_param_samples": 200,
    "sim_model": "/Users/jeffhelzner/seu-sensitivity/models/m_0_sim.stan",
    "timestamp": "2026-02-16T11:11:17.514957"
  },
  "results": [
    {
      "alpha_mean": 0.0,
      "alpha_sd": 1.0,
      "prior_label": "lognormal(0.0, 1.0)",
      "alpha_median": 1.1185306499999998,
      "alpha_q05": 0.17951835650000003,
      "alpha_q25": 0.5466253025000001,
      "alpha_q75": 2.130012675,
      "alpha_q95": 5.023040374999999,
      "seu_rate_mean": 0.414,
      "seu_rate_sd": 0.06031307210436778,
      "seu_rate_q05": 0.34650000000000003,
      "seu_rate_median": 0.39666666666666667,
      "seu_rate_q95": 0.5466666666666666,
      "n_ok": 200,
      "n_failed": 0,
      "fail_rate": 0.0
    },
    {
      "alpha_mean": 0.0,
      "alpha_sd": 1.5,
      "prior_label": "lognormal(0.0, 1.5)",
      "alpha_median": 1.1829675499999999,
      "alpha_q05": 0.07606344925000001,
      "alpha_q25": 0.4041502675,
      "alpha_q75": 3.1088788999999997,
      "alpha_q95": 11.257770999999995,
      "seu_rate_mean": 0.4425833333333334,
      "seu_rate_sd": 0.1086648453323848,
      "seu_rate_q05": 0.3433333333333333,
      "seu_rate_median": 0.4066666666666667,
      "seu_rate_q95": 0.6741666666666664,
      "n_ok": 200,
      "n_failed": 0,
      "fail_rate": 0.0
    },
    {
      "alpha_mean": 0.0,
      "alpha_sd": 2.0,
      "prior_label": "lognormal(0.0, 2.0)",
      "alpha_median": 1.25111835,
      "alpha_q05": 0.032229341800000005,
      "alpha_q25": 0.2988143825,
      "alpha_q75": 4.53780685,
      "alpha_q95": 25.231309399999986,
      "seu_rate_mean": 0.47601666666666664,
      "seu_rate_sd": 0.1552974556205678,
      "seu_rate_q05": 0.34,
      "seu_rate_median": 0.41333333333333333,
      "seu_rate_q95": 0.8371666666666665,
      "n_ok": 200,
      "n_failed": 0,
      "fail_rate": 0.0
    },
    {
      "alpha_mean": 2.0,
      "alpha_sd": 1.0,
      "prior_label": "lognormal(2.0, 1.0)",
      "alpha_median": 8.264886050000001,
      "alpha_q05": 1.326471195,
      "alpha_q25": 4.0390450499999995,
      "alpha_q75": 15.738783250000001,
      "alpha_q95": 37.11552664999999,
      "seu_rate_mean": 0.6323833333333333,
      "seu_rate_sd": 0.15939238009808793,
      "seu_rate_q05": 0.4,
      "seu_rate_median": 0.6216666666666666,
      "seu_rate_q95": 0.8901666666666667,
      "n_ok": 200,
      "n_failed": 0,
      "fail_rate": 0.0
    },
    {
      "alpha_mean": 2.5,
      "alpha_sd": 1.0,
      "prior_label": "lognormal(2.5, 1.0)",
      "alpha_median": 13.6264935,
      "alpha_q05": 2.1869813550000003,
      "alpha_q25": 6.659259475,
      "alpha_q75": 25.9488665,
      "alpha_q95": 61.193159149999985,
      "seu_rate_mean": 0.7058666666666668,
      "seu_rate_sd": 0.16418222938078422,
      "seu_rate_q05": 0.42983333333333335,
      "seu_rate_median": 0.7216666666666667,
      "seu_rate_q95": 0.9235,
      "n_ok": 200,
      "n_failed": 0,
      "fail_rate": 0.0
    },
    {
      "alpha_mean": 3.0,
      "alpha_sd": 0.75,
      "prior_label": "lognormal(3.0, 0.75)",
      "alpha_median": 21.845859,
      "alpha_q05": 5.539389345,
      "alpha_q25": 12.768758250000001,
      "alpha_q75": 35.41298,
      "alpha_q95": 67.39192274999999,
      "seu_rate_mean": 0.7829833333333335,
      "seu_rate_sd": 0.12668482216377253,
      "seu_rate_q05": 0.5365,
      "seu_rate_median": 0.81,
      "seu_rate_q95": 0.9336666666666665,
      "n_ok": 200,
      "n_failed": 0,
      "fail_rate": 0.0
    },
    {
      "alpha_mean": 3.0,
      "alpha_sd": 1.0,
      "prior_label": "lognormal(3.0, 1.0)",
      "alpha_median": 22.466289500000002,
      "alpha_q05": 3.605722605,
      "alpha_q25": 10.97926225,
      "alpha_q75": 42.78244775,
      "alpha_q95": 100.89045949999996,
      "seu_rate_mean": 0.7761666666666668,
      "seu_rate_sd": 0.1548740527726392,
      "seu_rate_q05": 0.48933333333333334,
      "seu_rate_median": 0.8133333333333334,
      "seu_rate_q95": 0.9633333333333334,
      "n_ok": 200,
      "n_failed": 0,
      "fail_rate": 0.0
    },
    {
      "alpha_mean": 3.5,
      "alpha_sd": 0.5,
      "prior_label": "lognormal(3.5, 0.5)",
      "alpha_median": 35.0230785,
      "alpha_q05": 14.0307484,
      "alpha_q25": 24.48345925,
      "alpha_q75": 48.3294275,
      "alpha_q95": 74.21867879999998,
      "seu_rate_mean": 0.85985,
      "seu_rate_sd": 0.07546912356130228,
      "seu_rate_q05": 0.7063333333333334,
      "seu_rate_median": 0.88,
      "seu_rate_q95": 0.95,
      "n_ok": 200,
      "n_failed": 0,
      "fail_rate": 0.0
    },
    {
      "alpha_mean": 3.5,
      "alpha_sd": 0.75,
      "prior_label": "lognormal(3.5, 0.75)",
      "alpha_median": 36.017733,
      "alpha_q05": 9.13290896,
      "alpha_q25": 21.05212325,
      "alpha_q75": 58.38613375,
      "alpha_q95": 111.11050049999997,
      "seu_rate_mean": 0.8494499999999999,
      "seu_rate_sd": 0.10678263357556478,
      "seu_rate_q05": 0.6098333333333333,
      "seu_rate_median": 0.8816666666666666,
      "seu_rate_q95": 0.9668333333333333,
      "n_ok": 200,
      "n_failed": 0,
      "fail_rate": 0.0
    },
    {
      "alpha_mean": 3.5,
      "alpha_sd": 1.0,
      "prior_label": "lognormal(3.5, 1.0)",
      "alpha_median": 37.0406495,
      "alpha_q05": 5.944831560000001,
      "alpha_q25": 18.101744,
      "alpha_q75": 70.53633149999999,
      "alpha_q95": 166.34025499999993,
      "seu_rate_mean": 0.8389166666666666,
      "seu_rate_sd": 0.1336146771295895,
      "seu_rate_q05": 0.5463333333333333,
      "seu_rate_median": 0.89,
      "seu_rate_q95": 0.9768333333333333,
      "n_ok": 200,
      "n_failed": 0,
      "fail_rate": 0.0
    },
    {
      "alpha_mean": 4.0,
      "alpha_sd": 0.5,
      "prior_label": "lognormal(4.0, 0.5)",
      "alpha_median": 57.743294500000005,
      "alpha_q05": 23.1327928,
      "alpha_q25": 40.3664005,
      "alpha_q75": 79.68175525000001,
      "alpha_q95": 122.36591949999998,
      "seu_rate_mean": 0.9102333333333334,
      "seu_rate_sd": 0.05449007045120953,
      "seu_rate_q05": 0.7833333333333333,
      "seu_rate_median": 0.9266666666666666,
      "seu_rate_q95": 0.9701666666666666,
      "n_ok": 200,
      "n_failed": 0,
      "fail_rate": 0.0
    },
    {
      "alpha_mean": 4.0,
      "alpha_sd": 0.75,
      "prior_label": "lognormal(4.0, 0.75)",
      "alpha_median": 59.383202499999996,
      "alpha_q05": 15.05762115,
      "alpha_q25": 34.70908425,
      "alpha_q75": 96.26246075,
      "alpha_q95": 183.19024199999996,
      "seu_rate_mean": 0.9002499999999999,
      "seu_rate_sd": 0.08087571912783494,
      "seu_rate_q05": 0.7195,
      "seu_rate_median": 0.93,
      "seu_rate_q95": 0.98,
      "n_ok": 200,
      "n_failed": 0,
      "fail_rate": 0.0
    }
  ]
}