{
  "design": {
    "K": 3,
    "D": 5,
    "R": 15,
    "M": 50,
    "design_seed": 20260617
  },
  "fd_jacobian_max_err": 1.027258555996724e-10,
  "draws": [
    {
      "name": "draw1",
      "alpha": 0.45242988634214887,
      "eta_range": [
        0.05772543288789207,
        0.6931726420882736
      ],
      "P_full": 16,
      "P_residual": 11,
      "gauge_dim": 5,
      "gauge_eta_sensitivity_max": 3.7219193579289564e-17,
      "gauge_fisher_action_max": 3.8209339617656096e-17,
      "eigenvalues_residual": [
        0.00046359163234188134,
        0.003577185655112541,
        0.004475493111597843,
        0.013551424063638844,
        0.02083468729525331,
        0.04967534749653298,
        0.06720412397408279,
        0.17546149137024922,
        0.22109084873897547,
        0.4770080839093094,
        0.6623599537917684
      ],
      "smallest": 0.00046359163234188134,
      "second": 0.003577185655112541,
      "largest": 0.6623599537917684,
      "condition_number": 1428.7573536342495,
      "gap_ratio_next": 7.716242929239287,
      "delta_marginal_fisher": 0.4990861781013135,
      "delta_profiled_fisher": 0.00714308681178949,
      "delta_schur_ratio": 0.01431233146741134,
      "eta_sens_bottom": 0.10360102482651361,
      "eta_sens_top": 0.47772377318132536,
      "eta_sens_basis_median": 0.10089756667544746,
      "eta_sens_ratio_bottom_to_median": 1.0267940867172967,
      "cps_bottom": 0.006953865284973482,
      "cps_top": 0.2581243285799468,
      "cps_basis_median": 0.0840644937744315,
      "cps_ratio_bottom_to_median": 0.08272059906329353,
      "ridge_delta_weight": 0.06195838187101781,
      "cos_bottom_vs_eta_nullvec": 0.17406661841116838,
      "eta_singular_values": [
        2.0721931397269224,
        1.0746317819826807,
        0.6701439178556569,
        0.6093332940137793,
        0.4203658298040888,
        0.3205748823313504,
        0.22484964342341887,
        0.1968808814470283,
        0.15602125242163278,
        0.10642709609541251,
        0.08414907922071857
      ]
    },
    {
      "name": "draw2",
      "alpha": 0.87767159479031,
      "eta_range": [
        0.020087261114730446,
        0.9909596363082843
      ],
      "P_full": 16,
      "P_residual": 11,
      "gauge_dim": 5,
      "gauge_eta_sensitivity_max": 2.5132277326556596e-17,
      "gauge_fisher_action_max": 7.640930065266863e-17,
      "eigenvalues_residual": [
        0.00014598583535521564,
        0.002293165919763155,
        0.008550956295771349,
        0.022244836986542997,
        0.033401228232341144,
        0.08062156635063057,
        0.17190785096605288,
        0.2845480371427126,
        0.42142688867271666,
        1.4718181018087488,
        4.037735845597176
      ],
      "smallest": 0.00014598583535521564,
      "second": 0.002293165919763155,
      "largest": 4.037735845597176,
      "condition_number": 27658.408336483306,
      "gap_ratio_next": 15.708139862907784,
      "delta_marginal_fisher": 3.7605199808924867,
      "delta_profiled_fisher": 1.3791997911795346,
      "delta_schur_ratio": 0.3667577351502885,
      "eta_sens_bottom": 0.004549345525266912,
      "eta_sens_top": 0.6116162660159609,
      "eta_sens_basis_median": 0.10795116813395697,
      "eta_sens_ratio_bottom_to_median": 0.04214262433567754,
      "cps_bottom": 0.0020255370982124195,
      "cps_top": 0.3485798005819354,
      "cps_basis_median": 0.08874134540131229,
      "cps_ratio_bottom_to_median": 0.022825179053263107,
      "ridge_delta_weight": 6.849431536658276e-09,
      "cos_bottom_vs_eta_nullvec": 0.9996711090669321,
      "eta_singular_values": [
        2.322007367722812,
        0.9207765826507897,
        0.5150563730572338,
        0.47204073746272945,
        0.4429797744390975,
        0.2566408686487629,
        0.14244947764333163,
        0.10845599957048646,
        0.08058327852310665,
        0.04749756127419285,
        0.011604019723818223
      ]
    },
    {
      "name": "draw3",
      "alpha": 0.5951074331440629,
      "eta_range": [
        0.19383618483143938,
        0.998802795381581
      ],
      "P_full": 16,
      "P_residual": 11,
      "gauge_dim": 5,
      "gauge_eta_sensitivity_max": 5.4772652319112097e-17,
      "gauge_fisher_action_max": 9.005757344421479e-17,
      "eigenvalues_residual": [
        0.00032314927935119187,
        0.002093526250286129,
        0.003139917614283123,
        0.01723843367938728,
        0.021247150710964027,
        0.03299151997713819,
        0.10806371908140003,
        0.2469805314861513,
        0.4829357770999531,
        0.6911601171315611,
        1.3446371674912336
      ],
      "smallest": 0.00032314927935119187,
      "second": 0.002093526250286129,
      "largest": 1.3446371674912336,
      "condition_number": 4161.0402789415175,
      "gap_ratio_next": 6.47851127655132,
      "delta_marginal_fisher": 1.3176631036099526,
      "delta_profiled_fisher": 0.36900787076945285,
      "delta_schur_ratio": 0.28004720611702316,
      "eta_sens_bottom": 0.0066497422409972995,
      "eta_sens_top": 0.47788676798622926,
      "eta_sens_basis_median": 0.09076642851082191,
      "eta_sens_ratio_bottom_to_median": 0.0732621339199709,
      "cps_bottom": 0.00432390645674989,
      "cps_top": 0.2804958545367333,
      "cps_basis_median": 0.07346216671622967,
      "cps_ratio_bottom_to_median": 0.05885895624957967,
      "ridge_delta_weight": 0.0003457391041505088,
      "cos_bottom_vs_eta_nullvec": 0.9966992197942388,
      "eta_singular_values": [
        1.9334593725119416,
        0.912081950087642,
        0.8025385426307169,
        0.5700005183886924,
        0.3711505804491143,
        0.24415721340505003,
        0.1695668825168262,
        0.1437792974017399,
        0.07245202790759422,
        0.05110133062634832,
        0.02065384053990522
      ]
    },
    {
      "name": "draw4",
      "alpha": 0.6423049107972117,
      "eta_range": [
        0.024028806877586226,
        0.9825171547712718
      ],
      "P_full": 16,
      "P_residual": 11,
      "gauge_dim": 5,
      "gauge_eta_sensitivity_max": 5.481276988041637e-17,
      "gauge_fisher_action_max": 1.5884835239016875e-16,
      "eigenvalues_residual": [
        6.660151746747758e-05,
        0.00029455360492957363,
        0.00047707778102357195,
        0.00549601806890656,
        0.01133257245137738,
        0.02717822922155714,
        0.07001578845096738,
        0.09760547208113246,
        0.13424233266825727,
        0.3575257608808781,
        2.5683423355234303
      ],
      "smallest": 6.660151746747758e-05,
      "second": 0.00029455360492957363,
      "largest": 2.5683423355234303,
      "condition_number": 38562.820085557156,
      "gap_ratio_next": 4.422626032108174,
      "delta_marginal_fisher": 2.490811828111475,
      "delta_profiled_fisher": 0.08522823986724104,
      "delta_schur_ratio": 0.03421705281199857,
      "eta_sens_bottom": 0.019220307039800617,
      "eta_sens_top": 0.503238697882834,
      "eta_sens_basis_median": 0.06889450789162589,
      "eta_sens_ratio_bottom_to_median": 0.27898170156081253,
      "cps_bottom": 0.0018341303239772587,
      "cps_top": 0.352104288230985,
      "cps_basis_median": 0.057465511716858576,
      "cps_ratio_bottom_to_median": 0.03191706241152609,
      "ridge_delta_weight": 0.0007026409447025341,
      "cos_bottom_vs_eta_nullvec": 0.6025684436903136,
      "eta_singular_values": [
        2.01578036186322,
        0.6447659982482743,
        0.46369556661487094,
        0.3533142117331968,
        0.28873263455598286,
        0.16605282808785518,
        0.1047947884226297,
        0.08168220503667913,
        0.0462477966881418,
        0.0211541808890616,
        0.015633214864375126
      ]
    }
  ],
  "alpha_sweep": [
    {
      "name": "alpha=0.5",
      "alpha": 0.5,
      "eta_range": [
        0.05772543288789207,
        0.6931726420882736
      ],
      "P_full": 16,
      "P_residual": 11,
      "gauge_dim": 5,