{
  "spec": {
    "review_item": "overall theme C (HMC pathologies in nuisance blocks)",
    "sampler": {
      "chains": 4,
      "iter_warmup": 2000,
      "iter_sampling": 1000,
      "adapt_delta": 0.99,
      "max_treedepth": 12,
      "seed": 42
    },
    "baseline_sampler": {
      "chains": 4,
      "iter_warmup": 1000,
      "iter_sampling": 1000,
      "adapt_delta": 0.8,
      "max_treedepth": 10,
      "seed": 42
    }
  },
  "fits": [
    {
      "study": "temperature_study",
      "cell": "GPT-4o x Insurance",
      "condition": "T0_0",
      "n_divergences": 0,
      "n_treedepth_hits": 0,
      "alpha_refit": {
        "median": 74.716545,
        "ci_low": 48.2470925,
        "ci_high": 122.79346049999992,
        "sd": 23.372431650311658,
        "sd_log": 0.28396313756599184,
        "n_draws": 4000
      },
      "alpha_committed": {
        "median": 74.0776505,
        "ci_low": 47.28959435,
        "ci_high": 121.08671399999997,
        "sd": 23.58713619512245,
        "sd_log": 0.28834213961046734,
        "n_draws": 4000
      },
      "alpha_median_shift_in_committed_sd": 0.0271,
      "eta_gaps_posterior": {
        "pooled_gap_median": 0.25730034,
        "pooled_gap_q05": 0.03811666399999996,
        "pooled_gap_q95": 0.48849817000000034
      }
    },
    {
      "study": "temperature_study",
      "cell": "GPT-4o x Insurance",
      "condition": "T0_3",
      "n_divergences": 0,
      "n_treedepth_hits": 0,
      "alpha_refit": {
        "median": 54.618057,
        "ci_low": 36.0313708,
        "ci_high": 84.45064664999998,
        "sd": 15.295632431409071,
        "sd_log": 0.261688201076718,
        "n_draws": 4000
      },
      "alpha_committed": {
        "median": 54.862015,
        "ci_low": 36.1233461,
        "ci_high": 88.34528755,
        "sd": 18.68643897652831,
        "sd_log": 0.2838553595371226,
        "n_draws": 4000
      },
      "alpha_median_shift_in_committed_sd": -0.0131,
      "eta_gaps_posterior": {
        "pooled_gap_median": 0.26776520000000004,
        "pooled_gap_q05": 0.03761741250000008,
        "pooled_gap_q95": 0.50233921
      }
    },
    {
      "study": "temperature_study",
      "cell": "GPT-4o x Insurance",
      "condition": "T0_7",
      "n_divergences": 0,
      "n_treedepth_hits": 0,
      "alpha_refit": {
        "median": 56.154349499999995,
        "ci_low": 38.5168886,
        "ci_high": 86.80357835,
        "sd": 15.184915946386813,
        "sd_log": 0.24874742272139067,
        "n_draws": 4000
      },
      "alpha_committed": {
        "median": 56.3213925,
        "ci_low": 38.636707550000004,
        "ci_high": 84.9159107,
        "sd": 14.564273439641902,
        "sd_log": 0.24123909878789665,
        "n_draws": 4000
      },
      "alpha_median_shift_in_committed_sd": -0.0115,
      "eta_gaps_posterior": {
        "pooled_gap_median": 0.272248245,
        "pooled_gap_q05": 0.03500398450000005,
        "pooled_gap_q95": 0.48463141
      }
    },
    {
      "study": "temperature_study",
      "cell": "GPT-4o x Insurance",
      "condition": "T1_0",
      "n_divergences": 0,
      "n_treedepth_hits": 0,
      "alpha_refit": {
        "median": 38.688103,
        "ci_low": 27.60074255,
        "ci_high": 56.568808899999986,
        "sd": 9.038267713354923,
        "sd_log": 0.2204932049085054,
        "n_draws": 4000
      },
      "alpha_committed": {
        "median": 39.084129,
        "ci_low": 26.570301,
        "ci_high": 58.33848904999999,
        "sd": 9.842278088163184,
        "sd_log": 0.23546804435670424,
        "n_draws": 4000
      },
      "alpha_median_shift_in_committed_sd": -0.0402,
      "eta_gaps_posterior": {
        "pooled_gap_median": 0.25863643999999997,
        "pooled_gap_q05": 0.01823610749999996,
        "pooled_gap_q95": 0.46864312499999994
      }
    },
    {
      "study": "temperature_study",
      "cell": "GPT-4o x Insurance",
      "condition": "T1_5",
      "n_divergences": 0,
      "n_treedepth_hits": 0,
      "alpha_refit": {
        "median": 36.247475,
        "ci_low": 25.6089753,
        "ci_high": 51.61158539999999,
        "sd": 8.177334890108938,
        "sd_log": 0.2166312417950132,
        "n_draws": 4000
      },
      "alpha_committed": {
        "median": 36.047354999999996,
        "ci_low": 25.4607803,
        "ci_high": 51.768802699999995,
        "sd": 7.973664651393419,
        "sd_log": 0.21175556395070755,
        "n_draws": 4000
      },
      "alpha_median_shift_in_committed_sd": 0.0251,
      "eta_gaps_posterior": {
        "pooled_gap_median": 0.19135469500000002,
        "pooled_gap_q05": 0.027982174000000012,
        "pooled_gap_q95": 0.3980264370000006
      }
    },
    {
      "study": "claude_insurance_study",
      "cell": "Claude 3.5 x Insurance",
      "condition": "T0_0",
      "n_divergences": 0,
      "n_treedepth_hits": 0,
      "alpha_refit": {
        "median": 70.130884,
        "ci_low": 44.8800953,
        "ci_high": 115.399409,
        "sd": 22.211475700346814,
        "sd_log": 0.2887965603389882,
        "n_draws": 4000
      },
      "alpha_committed": {
        "median": 70.5364905,
        "ci_low": 44.5740697,
        "ci_high": 113.41896199999994,
        "sd": 21.61169408384025,
        "sd_log": 0.28435460988357386,
        "n_draws": 4000
      },
      "alpha_median_shift_in_committed_sd": -0.0188,
      "eta_gaps_posterior": {
        "pooled_gap_median": 0.24904675,
        "pooled_gap_q05": 0.05035997000000003,
        "pooled_gap_q95": 0.48936899200000017
      }
    },
    {
      "study": "claude_insurance_study",
      "cell": "Claude 3.5 x Insurance",
      "condition": "T0_2",
      "n_divergences": 0,
      "n_treedepth_hits": 0,
      "alpha_refit": {
        "median": 52.607198999999994,
        "ci_low": 35.9770951,
        "ci_high": 81.76495959999997,
        "sd": 14.38432398247071,
        "sd_log": 0.2506810392292114,
        "n_draws": 4000
      },
      "alpha_committed": {
        "median": 52.557104499999994,
        "ci_low": 35.7547121,
        "ci_high": 81.40572944999998,
        "sd": 14.892028029419786,
        "sd_log": 0.2557584311700347,
        "n_draws": 4000
      },
      "alpha_median_shift_in_committed_sd": 0.0034,
      "eta_gaps_posterior": {
        "pooled_gap_median": 0.22944955,
        "pooled_gap_q05": 0.02735715999999999,
        "pooled_gap_q95": 0.43465292
      }
    },
    {
      "study": "claude_insurance_study",
      "cell": "Claude 3.5 x Insurance",
      "condition": "T0_5",
      "n_divergences": 0,
      "n_treedepth_hits": 0,
      "alpha_refit": {
        "median": 73.16090750000001,
        "ci_low": 46.7273485,
        "ci_high": 122.6003395,
        "sd": 24.10931380840234,
        "sd_log": 0.29352970194498496,
        "n_draws": 4000
      },
      "alpha_committed": {
        "median": 73.20288,
        "ci_low": 47.00170765,
        "ci_high": 121.47713749999997,
        "sd": 23.14235897569025,
        "sd_log": 0.2855780167016597,
        "n_draws": 4000
      },
      "alpha_median_shift_in_committed_sd": -0.0018,
      "eta_gaps_posterior": {
        "pooled_gap_median": 0.24296721,
        "pooled_gap_q05": 0.03054231050000003,
        "pooled_gap_q95": 0.45833483050000007
      }
    },
    {
      "study": "claude_insurance_study",
      "cell": "Claude 3.5 x Insurance",
      "condition": "T0_8",
      "n_divergences": 0,
      "n_treedepth_hits": 0,
      "alpha_refit": {
        "median": 71.257792,
        "ci_low": 45.17896295,
        "ci_high": 118.59107149999998,
        "sd": 22.881126942294696,
        "sd_log": 0.29002797735351443,
        "n_draws": 4000
      },
      "alpha_committed": {
        "median": 70.5583975,
        "ci_low": 45.106524750000005,
        "ci_high": 115.31048449999996,
        "sd": 22.030918408550193,
        "sd_log": 0.2848270743503178,
        "n_draws": 4000
      },
      "alpha_median_shift_in_committed_sd": 0.0317,