{
  "spec": {
    "row": "C16",
    "sections": [
      "7.5.2",
      "7.6.1"
    ],
    "data_dir": "/Users/jeffhelzner/seu-sensitivity/reports/applications/claude_insurance_study/data",
    "temperatures": [
      0.0,
      0.2,
      0.5,
      0.8,
      1.0
    ],
    "n_draws_per_condition": 4000,
    "criterion_primary": "P(slope < 0) >= 0.95 (one-sided)",
    "criterion_secondary": "P(slope < 0) >= 0.975",
    "seed": 20260618,
    "n_mc": 200000
  },
  "slope_selfcheck": {
    "recomputed": {
      "median": -2.8943491176470535,
      "mean": -3.876370380073525,
      "sd": 22.088570305761223,
      "p_negative": 0.55975
    },
    "primary_analysis_json": {
      "median": -2.8943491176470584,
      "mean": -3.87637038007353,
      "sd": 22.085809061884472,
      "p_negative": 0.55975
    },
    "abs_diff": {
      "median": 4.884981308350689e-15,
      "mean": 4.884981308350689e-15,
      "sd": 0.0027612438767512515,
      "p_negative": 0.0
    },
    "passed": true
  },
  "per_condition": {
    "mean": {
      "0.0": 74.09780571450001,
      "0.2": 54.876969429999995,
      "0.5": 77.2161886215,
      "0.8": 73.95410922100001,
      "1.0": 57.379658123
    },
    "sd": {
      "0.0": 21.614396052230358,
      "0.2": 14.893889882028102,
      "0.5": 23.145252313074273,
      "0.8": 22.033672789808506,
      "1.0": 14.245346114326688
    },
    "cv": {
      "0.0": 0.2917008924057881,
      "0.2": 0.2714051092239425,
      "0.5": 0.2997461118746508,
      "0.8": 0.29793709939720053,
      "1.0": 0.24826474364469242
    },
    "grand_mean_alpha": 67.504946222,
    "mean_cv": 0.28181079130925485
  },
  "observed_slope": {
    "median": -2.8943491176470535,
    "mean": -3.876370380073525,
    "sd": 22.088570305761223,
    "p_negative": 0.55975,
    "abs_median": 2.8943491176470535
  },
  "mde": {
    "criterion_0.95": {
      "A_analytic_gaussian": 36.332464981603934,
      "B_empirical_quantile": 34.65871685066176,
      "C_constant_cv_montecarlo": 35.968942473758034
    },
    "criterion_0.975": {
      "A_analytic_gaussian": 43.29280226927289,
      "B_empirical_quantile": 40.90082311169118,
      "C_constant_cv_montecarlo": 42.37705142781506
    }
  },
  "headline": {
    "mde_estimator": "C_constant_cv_montecarlo",
    "criterion": "P(slope<0) >= 0.95",
    "value": 35.968942473758034,
    "context": {
      "slope_units_alpha_per_unitT": 35.968942473758034,
      "end_to_end_dalpha_over_T_range": 35.968942473758034,
      "multiple_of_observed_abs_slope": 12.427299199827976,
      "fraction_of_grand_mean_alpha": 0.5328341771500542
    }
  },
  "context_all_0.95": {
    "A_analytic_gaussian": {
      "slope_units_alpha_per_unitT": 36.332464981603934,
      "end_to_end_dalpha_over_T_range": 36.332464981603934,
      "multiple_of_observed_abs_slope": 12.552896525191898,
      "fraction_of_grand_mean_alpha": 0.5382193011771204
    },
    "B_empirical_quantile": {
      "slope_units_alpha_per_unitT": 34.65871685066176,
      "end_to_end_dalpha_over_T_range": 34.65871685066176,
      "multiple_of_observed_abs_slope": 11.974615169726793,
      "fraction_of_grand_mean_alpha": 0.5134248494426089
    },
    "C_constant_cv_montecarlo": {
      "slope_units_alpha_per_unitT": 35.968942473758034,
      "end_to_end_dalpha_over_T_range": 35.968942473758034,
      "multiple_of_observed_abs_slope": 12.427299199827976,
      "fraction_of_grand_mean_alpha": 0.5328341771500542
    }
  },
  "gpt4o_reference": {
    "slope_fullgrid": -31.0,
    "note": "reference only (plan SS7.5.2a); full, unequal grid; carries the unequal-grid caveat; not computed here",
    "abs_slope_vs_mde_C95": 0.8618546409201984
  },
  "power_curve": {
    "beta_abs": [
      0.0,
      1.8166232490801968,
      3.6332464981603936,
      5.449869747240591,
      7.266492996320787,
      9.083116245400984,
      10.899739494481182,
      12.716362743561378,
      14.532985992641574,
      16.349609241721772,
      18.166232490801967,
      19.982855739882165,
      21.799478988962363,
      23.616102238042558,
      25.432725487122756,
      27.24934873620295,
      29.06597198528315,
      30.882595234363347,
      32.699218483443545,
      34.51584173252374,
      36.332464981603934,
      38.149088230684136,
      39.96571147976433,
      41.782334728844525,
      43.59895797792473,
      45.41558122700492,
      47.232204476085116,
      49.04882772516531,
      50.86545097424551,
      52.682074223325706,
      54.4986974724059,
      56.3153207214861,
      58.1319439705663
    ],
    "p_negative": [
      0.49388333333333334,
      0.5259833333333334,
      0.5551666666666667,
      0.5882833333333334,
      0.6213666666666666,
      0.64985,
      0.6832833333333334,
      0.7129666666666666,
      0.7386333333333334,
      0.7651333333333333,
      0.7910333333333334,
      0.8125166666666667,
      0.8370166666666666,
      0.85645,
      0.8742333333333333,
      0.8874833333333333,
      0.90675,
      0.92075,
      0.9297,
      0.9410833333333334,
      0.95055,
      0.95915,
      0.9673333333333334,
      0.9733833333333334,
      0.9784,
      0.9826,
      0.9870333333333333,
      0.98935,
      0.9914333333333334,
      0.9935666666666667,
      0.9952,
      0.9961833333333333,
      0.9974833333333334
    ]
  }
}