{
  "spec": {
    "row": "C11",
    "section": "7.5.2a",
    "gpt_temps_full": [
      0.0,
      0.3,
      0.7,
      1.0,
      1.5
    ],
    "gpt_temps_restricted": [
      0.0,
      0.3,
      0.7,
      1.0
    ],
    "claude_temps": [
      0.0,
      0.2,
      0.5,
      0.8,
      1.0
    ],
    "seed": 20260618
  },
  "gpt_slope_full": {
    "median": -30.78310643115942,
    "mean": -32.813336591372284,
    "sd": 17.63899800346656,
    "ci_low": -65.52567296195653,
    "ci_high": -8.346917531702898,
    "p_negative": 0.9905
  },
  "gpt_slope_restricted_T_le_1": {
    "median": -39.866633448275856,
    "mean": -43.29535938752873,
    "sd": 31.469350943856075,
    "ci_low": -100.15083211494253,
    "ci_high": 1.588449804597692,
    "p_negative": 0.94275
  },
  "claude_slope": {
    "median": -3.617936397058824,
    "mean": -4.8454629750919125,
    "sd": 27.61071288220153,
    "ci_low": -53.61188927389706,
    "ci_high": 38.4779330882353,
    "p_negative": 0.55975
  },
  "crosscheck": {
    "ledger_C9_gpt_slope_median": -31.0,
    "ledger_C9_gpt_p_negative": 0.99,
    "factorial_report_full_grid_P": "0.80-0.82",
    "superseded_initial_study_slope_field": -24.6265,
    "note": "recomputed full-grid GPT-4o slope matches C9; the primary_analysis.json slope field is the old estimator."
  },
  "P_gpt_slope_lt_claude_full": 0.8165,
  "P_gpt_slope_lt_claude_restricted": 0.82375,
  "qualitative_pattern": "GPT-4o shows a clear negative temperature-alpha slope on insurance; Claude shows no monotone slope. The directional LLM contrast survives restricting GPT-4o to Claude's T <= 1.0 grid, but the between-LLM probability is weaker than GPT-4o's own within-cell P(slope<0) > 0.98 because the two cells are fitted independently."
}