{
  "spec": {
    "row": "C11",
    "section": "7.5.2a",
    "gpt_temps_full": [
      0.0,
      0.3,
      0.7,
      1.0,
      1.5
    ],
    "gpt_temps_restricted": [
      0.0,
      0.3,
      0.7,
      1.0
    ],
    "claude_temps": [
      0.0,
      0.2,
      0.5,
      0.8,
      1.0
    ],
    "seed": 20260618
  },
  "gpt_slope_full": {
    "median": -24.626485144927535,
    "mean": -26.250669273097824,
    "sd": 14.111198402773248,
    "ci_low": -52.420538369565215,
    "ci_high": -6.677534025362319,
    "p_negative": 0.9905
  },
  "gpt_slope_restricted_T_le_1": {
    "median": -29.899975086206894,
    "mean": -32.47151954064655,
    "sd": 23.602013207892057,
    "ci_low": -75.1131240862069,
    "ci_high": 1.191337353448269,
    "p_negative": 0.94275
  },
  "claude_slope": {
    "median": -2.8943491176470584,
    "mean": -3.876370380073529,
    "sd": 22.088570305761223,
    "ci_low": -42.889511419117646,
    "ci_high": 30.782346470588234,
    "p_negative": 0.55975
  },
  "crosscheck": {
    "ledger_C9_gpt_slope_median": -24.6,
    "ledger_C9_gpt_p_negative": 0.99,
    "factorial_report_full_grid_P": "0.80-0.82",
    "initial_study_slope_field": -24.6265,
    "note": "recomputed full-grid GPT-4o slope matches C9 and the primary_analysis.json slope field (same canonical population-OLS estimator)."
  },
  "P_gpt_slope_lt_claude_full": 0.8165,
  "P_gpt_slope_lt_claude_restricted": 0.8155,
  "qualitative_pattern": "GPT-4o shows a clear negative temperature-alpha slope on insurance; Claude shows no monotone slope. The directional LLM contrast survives restricting GPT-4o to Claude's T <= 1.0 grid, but the between-LLM probability is weaker than GPT-4o's own within-cell P(slope<0) > 0.98 because the two cells are fitted independently."
}