{
  "m_11": {
    "T0_0": {
      "alpha_mean": 48.5791,
      "alpha_median": 48.0791,
      "alpha_sd": 6.61375,
      "alpha_q05": 38.6921,
      "alpha_q95": 60.4006,
      "alpha_rhat": 1.00216,
      "alpha_ess_bulk": 3371.87
    },
    "T0_3": {
      "alpha_mean": 47.1041,
      "alpha_median": 46.5275,
      "alpha_sd": 6.50251,
      "alpha_q05": 37.3949,
      "alpha_q95": 58.7495,
      "alpha_rhat": 1.00003,
      "alpha_ess_bulk": 3273.71
    },
    "T0_7": {
      "alpha_mean": 44.8227,
      "alpha_median": 44.3907,
      "alpha_sd": 5.83943,
      "alpha_q05": 36.0734,
      "alpha_q95": 55.0033,
      "alpha_rhat": 1.00154,
      "alpha_ess_bulk": 3658.04
    },
    "T1_0": {
      "alpha_mean": 35.3356,
      "alpha_median": 35.1285,
      "alpha_sd": 4.16369,
      "alpha_q05": 28.9165,
      "alpha_q95": 42.5358,
      "alpha_rhat": 1.0015,
      "alpha_ess_bulk": 4062.3
    },
    "T1_5": {
      "alpha_mean": 33.6355,
      "alpha_median": 33.4807,
      "alpha_sd": 3.84329,
      "alpha_q05": 27.6362,
      "alpha_q95": 40.3528,
      "alpha_rhat": 0.999944,
      "alpha_ess_bulk": 4957.71
    }
  },
  "m_21": {
    "T0_0": {
      "alpha_mean": 73.5429,
      "alpha_median": 69.6669,
      "alpha_sd": 22.5677,
      "alpha_q05": 44.634,
      "alpha_q95": 116.025,
      "alpha_rhat": 1.00165,
      "alpha_ess_bulk": 1753.99,
      "omega_mean": 41.6222,
      "omega_median": 41.107,
      "omega_sd": 6.68436,
      "omega_q05": 31.6679,
      "omega_q95": 53.175,
      "omega_rhat": 1.0007,
      "omega_ess_bulk": 7376.97
    },
    "T0_3": {
      "alpha_mean": 54.5004,
      "alpha_median": 52.4035,
      "alpha_sd": 14.7752,
      "alpha_q05": 35.104,
      "alpha_q95": 81.8112,
      "alpha_rhat": 1.00143,
      "alpha_ess_bulk": 1746.92,
      "omega_mean": 43.4623,
      "omega_median": 42.6826,
      "omega_sd": 7.23494,
      "omega_q05": 32.8153,
      "omega_q95": 56.3298,
      "omega_rhat": 1.00107,
      "omega_ess_bulk": 5604.51
    },
    "T0_7": {
      "alpha_mean": 57.8005,
      "alpha_median": 55.4603,
      "alpha_sd": 15.124,
      "alpha_q05": 37.3977,
      "alpha_q95": 85.5487,
      "alpha_rhat": 1.00197,
      "alpha_ess_bulk": 1897.84,
      "omega_mean": 40.1702,
      "omega_median": 39.7435,
      "omega_sd": 6.2592,
      "omega_q05": 30.8448,
      "omega_q95": 51.2557,
      "omega_rhat": 1.00025,
      "omega_ess_bulk": 5920.9
    },
    "T1_0": {
      "alpha_mean": 38.6606,
      "alpha_median": 37.6366,
      "alpha_sd": 8.45968,
      "alpha_q05": 26.9485,
      "alpha_q95": 54.0388,
      "alpha_rhat": 1.00076,
      "alpha_ess_bulk": 2244.22,
      "omega_mean": 33.7391,
      "omega_median": 33.3256,
      "omega_sd": 4.74074,
      "omega_q05": 26.4502,
      "omega_q95": 42.0931,
      "omega_rhat": 1.00217,
      "omega_ess_bulk": 9073.12
    },
    "T1_5": {
      "alpha_mean": 37.8289,
      "alpha_median": 36.7489,
      "alpha_sd": 8.04782,
      "alpha_q05": 26.555,
      "alpha_q95": 52.5643,
      "alpha_rhat": 1.0014,
      "alpha_ess_bulk": 1948.24,
      "omega_mean": 31.6877,
      "omega_median": 31.4342,
      "omega_sd": 4.3024,
      "omega_q05": 25.0638,
      "omega_q95": 39.2489,
      "omega_rhat": 1.00569,
      "omega_ess_bulk": 6711.38
    }
  },
  "m_31": {
    "T0_0": {
      "alpha_mean": 64.3604,
      "alpha_median": 62.3671,
      "alpha_sd": 16.1119,
      "alpha_q05": 41.9187,
      "alpha_q95": 93.5853,
      "alpha_rhat": 1.00129,
      "alpha_ess_bulk": 2211.36,
      "omega_mean": 44.625,
      "omega_median": 44.1385,
      "omega_sd": 6.92089,
      "omega_q05": 34.2288,
      "omega_q95": 56.9474,
      "kappa_mean": 0.732861,
      "kappa_median": 0.711516,
      "kappa_sd": 0.203315,
      "kappa_q05": 0.449038,
      "kappa_q95": 1.09021,
      "kappa_rhat": 1.00138,
      "kappa_ess_bulk": 3153.0
    },
    "T0_3": {
      "alpha_mean": 52.8322,
      "alpha_median": 51.2615,
      "alpha_sd": 12.6491,
      "alpha_q05": 35.1875,
      "alpha_q95": 75.9506,
      "alpha_rhat": 1.0022,
      "alpha_ess_bulk": 1757.69,
      "omega_mean": 45.4985,
      "omega_median": 44.9744,
      "omega_sd": 7.29887,
      "omega_q05": 34.8468,
      "omega_q95": 58.2548,
      "kappa_mean": 0.903365,
      "kappa_median": 0.875622,
      "kappa_sd": 0.234778,
      "kappa_q05": 0.565463,
      "kappa_q95": 1.32589,
      "kappa_rhat": 1.00147,
      "kappa_ess_bulk": 2232.63
    },
    "T0_7": {
      "alpha_mean": 53.8592,
      "alpha_median": 52.2509,
      "alpha_sd": 12.3693,
      "alpha_q05": 36.475,
      "alpha_q95": 76.2914,
      "alpha_rhat": 1.00245,
      "alpha_ess_bulk": 1712.42,
      "omega_mean": 42.3128,
      "omega_median": 41.9082,
      "omega_sd": 6.46394,
      "omega_q05": 32.6048,
      "omega_q95": 53.5503,
      "kappa_mean": 0.822421,
      "kappa_median": 0.794397,
      "kappa_sd": 0.210212,
      "kappa_q05": 0.51854,
      "kappa_q95": 1.20501,
      "kappa_rhat": 1.00197,
      "kappa_ess_bulk": 2199.41
    },
    "T1_0": {
      "alpha_mean": 37.6932,
      "alpha_median": 36.8375,
      "alpha_sd": 7.66285,
      "alpha_q05": 26.7278,
      "alpha_q95": 51.2556,
      "alpha_rhat": 1.00093,
      "alpha_ess_bulk": 1778.14,
      "omega_mean": 34.7604,
      "omega_median": 34.4824,
      "omega_sd": 4.93586,
      "omega_q05": 27.2958,
      "omega_q95": 43.3618,
      "kappa_mean": 0.956538,
      "kappa_median": 0.93678,
      "kappa_sd": 0.222006,
      "kappa_q05": 0.635021,
      "kappa_q95": 1.35609,
      "kappa_rhat": 1.00068,
      "kappa_ess_bulk": 2441.94
    },
    "T1_5": {
      "alpha_mean": 36.8892,
      "alpha_median": 36.2165,
      "alpha_sd": 7.05914,
      "alpha_q05": 26.6541,
      "alpha_q95": 49.5828,
      "alpha_rhat": 1.00105,
      "alpha_ess_bulk": 1565.12,
      "omega_mean": 32.5166,
      "omega_median": 32.274,
      "omega_sd": 4.32551,
      "omega_q05": 25.8204,
      "omega_q95": 40.0933,
      "kappa_mean": 0.910594,
      "kappa_median": 0.890368,
      "kappa_sd": 0.199452,
      "kappa_q05": 0.619704,
      "kappa_q95": 1.26984,
      "kappa_rhat": 1.00011,
      "kappa_ess_bulk": 2047.54
    }
  }
}