{
  "n_draws": 4000,
  "per_temperature": {
    "0.0": {
      "base_median": 74.0776505,
      "base_mean": 78.0383483745,
      "base_q05": 47.28959435,
      "base_q95": 121.08671399999997,
      "eu_median": 56.987961,
      "eu_mean": 59.64335163525,
      "eu_q05": 38.578182,
      "eu_q95": 89.68586864999999,
      "p_base_gt_eu": 0.74975,
      "diff_median": 16.850497,
      "diff_mean": 18.39499673925,
      "diff_q05": -24.1685845,
      "diff_q95": 67.53655794999997
    },
    "0.3": {
      "base_median": 54.862015,
      "base_mean": 58.15975600125,
      "base_q05": 36.1233461,
      "base_q95": 88.34528755,
      "eu_median": 52.764482,
      "eu_mean": 54.94429786175,
      "eu_q05": 34.0678045,
      "eu_q95": 83.597175,
      "p_base_gt_eu": 0.544,
      "diff_median": 2.195145499999999,
      "diff_mean": 3.2154581395000004,
      "diff_q05": -33.46605225,
      "diff_q95": 40.528048249999955
    },
    "0.7": {
      "base_median": 56.3213925,
      "base_mean": 58.328122331500005,
      "base_q05": 38.636707550000004,
      "base_q95": 84.9159107,
      "eu_median": 54.720082500000004,
      "eu_mean": 56.937855682249996,
      "eu_q05": 38.2573729,
      "eu_q95": 83.27503399999999,
      "p_base_gt_eu": 0.532,
      "diff_median": 1.4351154999999984,
      "diff_mean": 1.3902666492499998,
      "diff_q05": -32.0391894,
      "diff_q95": 34.6269475
    },
    "1.0": {
      "base_median": 39.084129,
      "base_mean": 40.30403917525,
      "base_q05": 26.570301,
      "base_q95": 58.33848904999999,
      "eu_median": 43.2940445,
      "eu_mean": 44.734110295,
      "eu_q05": 30.3615527,
      "eu_q95": 64.19984964999999,
      "p_base_gt_eu": 0.365,
      "diff_median": -4.307413500000003,
      "diff_mean": -4.43007111975,
      "diff_q05": -28.24969905,
      "diff_q95": 19.200842749999993
    },
    "1.5": {
      "base_median": 36.047354999999996,
      "base_mean": 36.9670136415,
      "base_q05": 25.4607803,
      "base_q95": 51.768802699999995,
      "eu_median": 26.305678999999998,
      "eu_mean": 27.08921269125,
      "eu_q05": 18.94555535,
      "eu_q95": 37.88705594999999,
      "p_base_gt_eu": 0.84775,
      "diff_median": 9.6849625,
      "diff_mean": 9.877800950249998,
      "diff_q05": -6.44130325,
      "diff_q95": 27.2108584
    }
  },
  "slope_comparison": {
    "base_slope_median": -30.78310643115942,
    "base_slope_q05": -65.52567296195653,
    "base_slope_q95": -8.346917531702898,
    "eu_slope_median": -24.7269495923913,
    "eu_slope_q05": -48.5745574365942,
    "eu_slope_q95": -7.0156504393116,
    "p_eu_slope_steeper": 0.38975,
    "slope_diff_median": 5.444287137681156,
    "slope_diff_q05": -26.346531938405793,
    "slope_diff_q95": 43.454562658514476
  },
  "monotonicity": {
    "base_strict_monotonicity": 0.12475,
    "eu_strict_monotonicity": 0.08725
  },
  "interaction": {
    "diff_at_T0_0_median": 16.850497,
    "diff_at_T0_0_q05": -24.1685845,
    "diff_at_T0_0_q95": 67.53655794999997,
    "diff_at_T1_5_median": 9.6849625,
    "diff_at_T1_5_q05": -6.44130325,
    "diff_at_T1_5_q95": 27.2108584,
    "p_larger_drop_at_low_temp": 0.601
  }
}